{
  "endpoints_suggested": [
    {
      "method": "GET",
      "path": "/api/courses",
      "desc": "Listar cursos (teaser + N1)"
    },
    {
      "method": "GET",
      "path": "/api/courses/:id",
      "desc": "Detalhe do curso + módulos"
    },
    {
      "method": "POST",
      "path": "/api/modules/:id/complete",
      "desc": "Marcar módulo como concluído e dar XP"
    },
    {
      "method": "POST",
      "path": "/api/quizzes/:id/submit",
      "desc": "Enviar respostas; retornar score, XP, aprovado"
    },
    {
      "method": "POST",
      "path": "/api/os/:id/checklist",
      "desc": "Registrar checklist (pré/durante/checkout)"
    },
    {
      "method": "POST",
      "path": "/api/os/:id/rubric",
      "desc": "Mentor registra rubrica (0–3) e falhas críticas"
    },
    {
      "method": "POST",
      "path": "/api/os/:id/evidence",
      "desc": "Anexar evidências (fotos/metadados)"
    }
  ],
  "tables_for_progress": [
    {
      "name": "users",
      "hint": "workers and producers"
    },
    {
      "name": "worker_skill",
      "hint": "xp+level per skill"
    },
    {
      "name": "module_progress",
      "hint": "module completion"
    },
    {
      "name": "os_jobs",
      "hint": "service orders"
    },
    {
      "name": "os_evaluations",
      "hint": "rubric + ratings"
    },
    {
      "name": "os_evidence",
      "hint": "photos/gps references"
    }
  ]
}