{
  "course_id": "mvp_poda_limpeza_cacau",
  "title": "MVP Light – Poda de Limpeza do Cacaueiro (Híbrido e Clonal)",
  "tagline": "Teaser para o App: aprender o essencial, provar no campo, ganhar XP e liberar OS.",
  "version": "1.0",
  "date": "2025-11-25",
  "estimated_time_minutes": 75,
  "xp_rules": {
    "module_complete_xp": 50,
    "quiz_xp_multiplier": 2,
    "field_challenge_xp": 150,
    "bonus_no_critical_fail_xp": 50
  },
  "modules": [
    {
      "module_id": "m0_visao_geral",
      "title": "M0 – O que é poda de limpeza e por que ela existe",
      "time_minutes": 10,
      "competencies": [
        "Objetivos: arejamento, luz difusa, sanidade e facilidade de manejo",
        "Diferenciar limpeza vs. formação (na prática)",
        "Evitar excesso: não abrir 'clarão'"
      ],
      "content": [
        "Poda de manutenção/limpeza remove ramos mal formados, sombreados, atacados, entrelaçados e os que crescem para o centro da copa; pode incluir retirada de frutos secos/doentes quando existirem.",
        "No híbrido/seminais e no clonal, a lógica é a mesma: deixar a copa funcional e segura para manejo."
      ],
      "images": [
        {
          "type": "local",
          "path": "img_antes_depois_conceito.png",
          "caption": "Antes vs. Depois (conceito): arejar sem exagero."
        }
      ],
      "quiz": {
        "pass_score": 4,
        "questions": [
          {
            "q": "Objetivo principal da poda de limpeza?",
            "choices": [
              "Engrossar tronco",
              "Arejar/iluminar e retirar ramos problema",
              "Cortar metade da copa",
              "Eliminar sombra"
            ],
            "answer": 1
          },
          {
            "q": "Erro comum na limpeza?",
            "choices": [
              "Remover ramo doente",
              "Remover cruzados",
              "Abrir clarão de sol",
              "Remover chupões"
            ],
            "answer": 2
          },
          {
            "q": "Limpeza é feita…",
            "choices": [
              "Só uma vez",
              "Durante todo o cultivo, conforme necessidade",
              "Apenas no 1º ano",
              "Apenas em clones"
            ],
            "answer": 1
          },
          {
            "q": "No clonal e híbrido a lógica muda totalmente?",
            "choices": [
              "Sim",
              "Não, é praticamente a mesma",
              "Só muda no primeiro mês",
              "Só muda se irrigar"
            ],
            "answer": 1
          },
          {
            "q": "Limpeza bem feita ajuda a…",
            "choices": [
              "Aumentar umidade interna",
              "Facilitar doenças",
              "Facilitar manejo e reduzir condições de doença",
              "Eliminar colheita"
            ],
            "answer": 2
          }
        ]
      }
    },
    {
      "module_id": "m1_seguranca_ferramentas",
      "title": "M1 – Segurança, EPI e ferramentas (padrão de campo)",
      "time_minutes": 12,
      "competencies": [
        "Selecionar ferramenta pela bitola do ramo",
        "Manusear/transporte seguro",
        "Manter distância segura entre pessoas"
      ],
      "content": [
        "Ferramenta cortante sempre sob controle. Antes de cortar: EPI e área segura.",
        "Use tesoura para ramos finos e serrote/podão para ramos mais grossos."
      ],
      "images": [
        {
          "type": "local",
          "path": "img_corte_correto_vs_ruim.png",
          "caption": "Corte correto evita toco longo e rasgo."
        }
      ],
      "quiz": {
        "pass_score": 4,
        "questions": [
          {
            "q": "Ferramenta deve ser transportada…",
            "choices": [
              "Solta na mão",
              "No bolso",
              "Com bainha/porta-ferramentas",
              "No ombro"
            ],
            "answer": 2
          },
          {
            "q": "Antes de iniciar, faça…",
            "choices": [
              "Acelerar",
              "Checar EPI e zona segura",
              "Cortar alto primeiro",
              "Trabalhar colado"
            ],
            "answer": 1
          },
          {
            "q": "Para galho grosso, o indicado é…",
            "choices": [
              "Tesoura pequena",
              "Serrote/podão",
              "Quebrar na mão",
              "Chutar"
            ],
            "answer": 1
          },
          {
            "q": "Distância segura serve para…",
            "choices": [
              "Nada",
              "Evitar acidentes",
              "Atrapalhar produtividade",
              "Aumentar sombra"
            ],
            "answer": 1
          },
          {
            "q": "Corte ruim costuma deixar…",
            "choices": [
              "Toco longo/rasgo",
              "Melhor cicatrização",
              "Menos risco",
              "Mais flor"
            ],
            "answer": 0
          }
        ]
      }
    },
    {
      "module_id": "m2_leitura_da_planta",
      "title": "M2 – Leitura da planta (o que remover, o que preservar)",
      "time_minutes": 15,
      "competencies": [
        "Identificar cruzados/entrelaçados e internos",
        "Identificar pendentes e secos/doentes",
        "Identificar chupões e palmas chupadeiras"
      ],
      "content": [
        "Alvos clássicos: cruzados/entrelaçados; internos; pendentes; secos/doentes; chupões.",
        "Em enxertados, chupons no porta-enxerto são comuns e devem ser eliminados no padrão de limpeza."
      ],
      "images": [
        {
          "type": "local",
          "path": "img_poda_limpeza_alvos.png",
          "caption": "Alvos típicos (ilustração)."
        },
        {
          "type": "local",
          "path": "img_sequencia_de_dentro_para_fora.png",
          "caption": "Começar por dentro."
        }
      ],
      "quiz": {
        "pass_score": 4,
        "questions": [
          {
            "q": "Prioridade na limpeza:",
            "choices": [
              "Frutos novos",
              "Cruzados/internos/doentes",
              "Só externos",
              "Só com flor"
            ],
            "answer": 1
          },
          {
            "q": "Chupões são…",
            "choices": [
              "Folhas novas",
              "Ramos vigorosos que drenam energia (base/tronco)",
              "Frutos secos",
              "Insetos"
            ],
            "answer": 1
          },
          {
            "q": "Palmas chupadeiras são…",
            "choices": [
              "Ramos produtivos excelentes",
              "Ramos vigorosos pouco produtivos na copa",
              "Sombras do chão",
              "Ferramentas"
            ],
            "answer": 1
          },
          {
            "q": "Ramo pendente tende a…",
            "choices": [
              "Ajudar",
              "Aumentar umidade/pragas e atrapalhar manejo",
              "Gerar luz difusa",
              "Não interfere"
            ],
            "answer": 1
          },
          {
            "q": "Em enxertados, chupons podem surgir…",
            "choices": [
              "Só na folha",
              "Na base e no caule (porta-enxerto)",
              "Só nas raízes invisíveis",
              "Só no fruto"
            ],
            "answer": 1
          }
        ]
      }
    },
    {
      "module_id": "m3_execucao",
      "title": "M3 – Execução: passo a passo (padrão simples)",
      "time_minutes": 18,
      "competencies": [
        "Aplicar sequência de dentro para fora",
        "Corte limpo sem ferir caule/ramo principal",
        "Não exagerar na abertura"
      ],
      "content": [
        "1) Interior: destravar cruzamentos e liberar o centro.",
        "2) Remover pendentes e chupões; 3) Ajustar arejamento sem clarão.",
        "Evite rasgo e toco longo; nunca arrancar ramo na força."
      ],
      "images": [
        {
          "type": "local",
          "path": "img_sequencia_de_dentro_para_fora.png",
          "caption": "Sequência (conceito)."
        },
        {
          "type": "local",
          "path": "img_corte_correto_vs_ruim.png",
          "caption": "Corte limpo (conceito)."
        }
      ],
      "quiz": {
        "pass_score": 4,
        "questions": [
          {
            "q": "Sequência recomendada:",
            "choices": [
              "Topo sempre",
              "De dentro para fora",
              "Só lado da estrada",
              "Só tronco"
            ],
            "answer": 1
          },
          {
            "q": "Sinal de excesso:",
            "choices": [
              "Ventilação",
              "Clarão de sol",
              "Remover chupões",
              "Corte limpo"
            ],
            "answer": 1
          },
          {
            "q": "Corte limpo é…",
            "choices": [
              "Rasgar",
              "Cortar sem rasgo e sem ferir o principal",
              "Cortar em qualquer lugar",
              "Facão cego"
            ],
            "answer": 1
          },
          {
            "q": "Depois de cruzados, alvo comum:",
            "choices": [
              "Fruto verde",
              "Chupões/pendentes",
              "Raiz",
              "Flor"
            ],
            "answer": 1
          },
          {
            "q": "Arrancar ramo na força é…",
            "choices": [
              "Ok",
              "Proibido (rasga e abre porta)",
              "Melhor",
              "Recomendado"
            ],
            "answer": 1
          }
        ]
      }
    },
    {
      "module_id": "m4_higiene",
      "title": "M4 – Higiene, descarte e finalização",
      "time_minutes": 10,
      "competencies": [
        "Gerir material doente",
        "Higienizar ferramentas quando houver risco",
        "Registrar evidências mínimas no app"
      ],
      "content": [
        "Material com sintomas não deve ficar espalhado: retirar e gerenciar conforme orientação técnica.",
        "Em risco fitossanitário, higienizar ferramentas entre plantas reduz disseminação.",
        "Finalizar com fotos amostrais e checklist."
      ],
      "images": [
        {
          "type": "local",
          "path": "img_antes_depois_conceito.png",
          "caption": "Antes/depois: clarear e facilitar manejo."
        }
      ],
      "quiz": {
        "pass_score": 4,
        "questions": [
          {
            "q": "Material doente deve…",
            "choices": [
              "Ficar embaixo",
              "Ser retirado/gerido",
              "Virar adubo sempre",
              "Ir para o igarapé"
            ],
            "answer": 1
          },
          {
            "q": "Higienização ajuda a…",
            "choices": [
              "Aumentar ferrugem",
              "Reduzir transmissão",
              "Diminuir produtividade",
              "Aumentar corte ruim"
            ],
            "answer": 1
          },
          {
            "q": "Evidências (fotos/GPS) servem para…",
            "choices": [
              "Nada",
              "Comprovar execução e reduzir conflito",
              "Substituir treinamento",
              "Evitar pagamento"
            ],
            "answer": 1
          },
          {
            "q": "Check-out inclui…",
            "choices": [
              "Sair",
              "Checklist + evidências + avaliação",
              "Cortar sem motivo",
              "Desligar app"
            ],
            "answer": 1
          },
          {
            "q": "Boa prática:",
            "choices": [
              "Ferramenta suja sempre",
              "Ferramenta em bom estado e limpa quando necessário",
              "Lâmina quebrada",
              "Sem EPI"
            ],
            "answer": 1
          }
        ]
      }
    },
    {
      "module_id": "m5_qualidade",
      "title": "M5 – Padrão de qualidade (aceitação e retrabalho)",
      "time_minutes": 10,
      "competencies": [
        "Aplicar checklist em 60s",
        "Conhecer falhas críticas",
        "Entender amostragem"
      ],
      "content": [
        "Aceitação simples: copa arejada; cruzamentos resolvidos; chupons removidos; sem clarão; cortes limpos.",
        "Falhas críticas: insegurança/EPI, ferir tronco/ramo principal, abertura exagerada."
      ],
      "images": [
        {
          "type": "local",
          "path": "img_poda_limpeza_alvos.png",
          "caption": "Checklist mental: cruzado, interno, pendente, chupão, doente."
        }
      ],
      "quiz": {
        "pass_score": 4,
        "questions": [
          {
            "q": "Bom resultado é…",
            "choices": [
              "Copa fechada",
              "Arejada com luz difusa",
              "Tronco ferido",
              "Corte com rasgo"
            ],
            "answer": 1
          },
          {
            "q": "Falha crítica é…",
            "choices": [
              "Foto tremida",
              "Sem EPI/ferir tronco",
              "Perguntar",
              "Beber água"
            ],
            "answer": 1
          },
          {
            "q": "Amostragem (5%) serve para…",
            "choices": [
              "Punir",
              "Evidência com baixo custo",
              "Evitar trabalho",
              "Aumentar sombra"
            ],
            "answer": 1
          },
          {
            "q": "Clarão pode gerar…",
            "choices": [
              "Nada",
              "Estresse/queima e desequilíbrio",
              "Produtividade garantida",
              "Eliminar pragas"
            ],
            "answer": 1
          },
          {
            "q": "Check-out deve…",
            "choices": [
              "Não registrar",
              "Registrar checklist+evidências+avaliação",
              "Só no fim do mês",
              "Só se pedir"
            ],
            "answer": 1
          }
        ]
      }
    }
  ],
  "field_challenge": {
    "title": "Desafio de Campo – 20 plantas com mentor (teaser)",
    "steps": [
      "Selecionar 20 plantas com o mentor (misture fáceis e difíceis).",
      "Executar limpeza seguindo a sequência de dentro para fora.",
      "Registrar 2 fotos antes e 2 depois + checklist.",
      "Mentor pontua (0–3) e registra 1 melhoria.",
      "Badge N1 só libera com 0 falhas críticas."
    ],
    "evidence_required": [
      "fotos_antes_depois",
      "checklist",
      "rubrica_mentor"
    ]
  }
}