{
  "meta": {
    "generated_at": "2025-11-25",
    "region": "Transamazônica/PA",
    "notes": "Conteúdo MVP; ajustar com técnicos e produtores parceiros."
  },
  "assets": {
    "images": [
      "img_poda_limpeza_alvos.png",
      "img_corte_correto_vs_ruim.png",
      "img_sequencia_de_dentro_para_fora.png",
      "img_antes_depois_conceito.png",
      "img_padrao_fotos_antes_depois.png",
      "img_amostragem_qualidade_conceito.png"
    ]
  },
  "teaser_course_ref": "curso_mvp_light_poda_limpeza_cacau.json",
  "n1_course": {
    "course_id": "curso_n1_poda_limpeza_cacau",
    "title": "N1 Completo – Poda de Limpeza do Cacaueiro (Híbrido e Clonal)",
    "purpose": "Treinar rápido, padronizar execução e habilitar OS no app com segurança e evidência.",
    "format": {
      "theory_minutes": 120,
      "field_minutes": 360,
      "total_minutes": 480,
      "recommended_group_size": "1 mentor : 4–6 aprendizes"
    },
    "structure": {
      "pre_requisite": "Concluir Teaser (75 min) ou fazer nivelamento rápido com o mentor.",
      "modules": [
        {
          "id": "a1_padrao_e_os",
          "title": "A1 – Padrão do cliente + leitura de OS + precificação por unidade",
          "minutes": 35
        },
        {
          "id": "a2_seguranca_reforco",
          "title": "A2 – Segurança aplicada (zona segura, ferramentas, ritmo sem risco)",
          "minutes": 35
        },
        {
          "id": "a3_diagnostico_do_talhao",
          "title": "A3 – Diagnóstico rápido do talhão e calibração do padrão",
          "minutes": 30
        },
        {
          "id": "a4_pratica_guiada",
          "title": "A4 – Prática guiada (20 plantas) + correção imediata",
          "minutes": 120
        },
        {
          "id": "a5_pratica_os_real",
          "title": "A5 – OS real supervisionada (100+ plantas) + evidências",
          "minutes": 180
        },
        {
          "id": "a6_qc_e_checkout",
          "title": "A6 – Amostragem de qualidade + check-out + avaliação",
          "minutes": 40
        },
        {
          "id": "a7_reflexao",
          "title": "A7 – 3 erros comuns + plano de melhoria individual",
          "minutes": 10
        }
      ]
    },
    "deliverables": {
      "rubric_id": "rubrica_poda_limpeza_n1",
      "checklists": [
        "cl_poda_limpeza_prestart",
        "cl_poda_limpeza_execucao",
        "cl_poda_limpeza_checkout"
      ],
      "evidence_protocol_id": "ev_poda_limpeza_v1",
      "os_template_id": "os_poda_limpeza_v1"
    },
    "pass_criteria": [
      "Sem falha crítica",
      "Nota final (rubrica ponderada) >= 1.8",
      "Evidências mínimas completadas",
      "Amostragem de qualidade registrada"
    ]
  },
  "rubric": {
    "rubric_id": "rubrica_poda_limpeza_n1",
    "name": "Rubrica do Mentor – Poda de Limpeza (N1)",
    "scale": {
      "0": "Reprovado (falha crítica ou não atingiu o mínimo)",
      "1": "Assistido (faz com ajuda constante)",
      "2": "Autônomo (faz sozinho com auditoria amostral)",
      "3": "Mentorável (padrão consistente, explica e corrige outros)"
    },
    "weights": {
      "seguranca": 0.4,
      "qualidade": 0.35,
      "produtividade": 0.15,
      "postura": 0.1
    },
    "criteria": [
      {
        "id": "seguranca",
        "title": "Segurança",
        "critical_failures": [
          "Trabalhar sem EPI mínimo exigido pela OS",
          "Trabalhar com pessoas dentro da zona de risco",
          "Ferramenta cortante sem controle (ex.: transportando de forma insegura)",
          "Corte colocando a si/terceiros em risco (posição instável, braço cruzado perigoso)"
        ],
        "levels": {
          "1": "EPI parcial; precisa de lembretes; mantém zona segura com ajuda",
          "2": "EPI completo; conduta segura consistente; mantém zona segura",
          "3": "Antecipação de riscos; orienta colegas; zela por ferramentas e área"
        }
      },
      {
        "id": "qualidade",
        "title": "Qualidade técnica",
        "critical_failures": [
          "Ferir tronco/caule/ramo principal de forma relevante",
          "Abrir 'clarão' (excesso) sem justificativa do padrão definido",
          "Deixar cruzamentos/entrelaços evidentes em grande número"
        ],
        "levels": {
          "1": "Resolve parte dos alvos; deixa vários cruzados/chupons; cortes irregulares",
          "2": "Resolve a maioria; cortes limpos; padrão consistente em amostra",
          "3": "Padrão elevado e repetível; explica a lógica e corrige fino sem exagero"
        }
      },
      {
        "id": "produtividade",
        "title": "Produtividade",
        "critical_failures": [],
        "levels": {
          "1": "Ritmo baixo e irregular; precisa de condução",
          "2": "Ritmo adequado sem perda de qualidade; cumpre meta",
          "3": "Ritmo alto com qualidade; organiza sequência e reduz retrabalho"
        }
      },
      {
        "id": "postura",
        "title": "Postura e profissionalismo",
        "critical_failures": [
          "Desrespeito grave, danos intencionais, abandono de OS sem comunicação"
        ],
        "levels": {
          "1": "Pontualidade/comunicação inconsistentes",
          "2": "Pontual, comunica e cuida do local; segue OS",
          "3": "Excelente comunicação; atitude de dono; ajuda equipe e cliente"
        }
      }
    ],
    "scoring": {
      "final_score_formula": "sum(level(dim)*weight(dim))",
      "pass_rule": "Sem falha crítica E nota_final >= 1.8",
      "unlock_rule_n1": "Mentor valida 1 OS real + evidências mínimas + sem falha crítica"
    }
  },
  "checklists": [
    {
      "checklist_id": "cl_poda_limpeza_prestart",
      "title": "Checklist Pré-Início (Poda de Limpeza)",
      "when": "antes_de_iniciar",
      "items": [
        {
          "id": "epi_ok",
          "text": "EPI mínimo conferido e registrado (botina/luva/óculos + conforme OS)",
          "critical": true
        },
        {
          "id": "ferramenta_ok",
          "text": "Ferramentas em bom estado e transportadas com segurança (bainha/porta-ferramentas)",
          "critical": true
        },
        {
          "id": "zona_segura",
          "text": "Zona segura definida; distância entre pessoas combinada",
          "critical": true
        },
        {
          "id": "padrao_entendido",
          "text": "Padrão do produtor entendido (alvos/prioridades/limites)",
          "critical": true
        },
        {
          "id": "meta_unidade",
          "text": "Meta por unidade e tempo combinados (ex.: plantas/dia)",
          "critical": false
        }
      ]
    },
    {
      "checklist_id": "cl_poda_limpeza_execucao",
      "title": "Checklist de Execução (Padrão técnico)",
      "when": "durante",
      "items": [
        {
          "id": "inside_out",
          "text": "Sequência aplicada: de dentro para fora (destravando cruzados/internos)",
          "critical": false
        },
        {
          "id": "alvos",
          "text": "Alvos removidos: cruzados/internos/pendentes/chupons (conforme padrão)",
          "critical": false
        },
        {
          "id": "corte_limpo",
          "text": "Cortes limpos: sem rasgo e sem toco longo",
          "critical": true
        },
        {
          "id": "sem_clarao",
          "text": "Sem excesso (não abriu clarão de sol) – salvo orientação explícita",
          "critical": true
        },
        {
          "id": "sem_ferir_tronco",
          "text": "Sem ferir tronco/ramo principal",
          "critical": true
        }
      ]
    },
    {
      "checklist_id": "cl_poda_limpeza_checkout",
      "title": "Checklist de Finalização (Check-out)",
      "when": "finalizacao",
      "items": [
        {
          "id": "evidencias",
          "text": "Evidências mínimas registradas (fotos antes/depois + GPS quando aplicável)",
          "critical": true
        },
        {
          "id": "amostragem",
          "text": "Amostragem de qualidade feita e registrada (ex.: 5% do lote)",
          "critical": false
        },
        {
          "id": "material",
          "text": "Material doente (se houver) gerido conforme orientação técnica",
          "critical": false
        },
        {
          "id": "avaliacao",
          "text": "Avaliação bilateral concluída (trabalhador e produtor)",
          "critical": false
        }
      ]
    }
  ],
  "os_template": {
    "os_template_id": "os_poda_limpeza_v1",
    "title": "Ordem de Serviço – Poda de Limpeza",
    "fields": [
      {
        "key": "job_title",
        "label": "Título",
        "type": "text",
        "default": "Poda de Limpeza – Cacau"
      },
      {
        "key": "unit",
        "label": "Unidade",
        "type": "select",
        "options": [
          "planta",
          "linha",
          "dia"
        ],
        "default": "planta"
      },
      {
        "key": "quantity",
        "label": "Quantidade",
        "type": "number",
        "example": 1000
      },
      {
        "key": "farm_location",
        "label": "Local / referência",
        "type": "text"
      },
      {
        "key": "time_window",
        "label": "Janela (início/fim)",
        "type": "text",
        "example": "01/12 a 05/12"
      },
      {
        "key": "requirements",
        "label": "Padrão desejado (objetivo)",
        "type": "textarea",
        "example": "Remover cruzados/internos/pendentes e chupons; manter luz difusa; cortes limpos; sem ferir tronco."
      },
      {
        "key": "price_per_unit",
        "label": "Preço por unidade (R$)",
        "type": "number",
        "example": 2.0
      },
      {
        "key": "bonus_rule",
        "label": "Bônus (opcional)",
        "type": "textarea",
        "example": "Bônus se concluir no prazo e qualidade >= 4/5."
      },
      {
        "key": "evidence_rule",
        "label": "Evidências exigidas",
        "type": "textarea",
        "example": "GPS + fotos antes/depois em 5% do lote (pontos padrão)."
      },
      {
        "key": "acceptance",
        "label": "Critérios de aceitação",
        "type": "textarea",
        "example": "Amostra auditada >=80% conforme; 0 falhas críticas; sem clarão."
      }
    ]
  },
  "evidence_protocol": {
    "evidence_protocol_id": "ev_poda_limpeza_v1",
    "title": "Protocolo de evidências – Poda de Limpeza (N1)",
    "rules": [
      {
        "id": "gps",
        "text": "Registrar check-in e check-out com GPS quando houver sinal (se não, registrar texto + foto de referência)."
      },
      {
        "id": "photos_sampling",
        "text": "Fotos antes/depois por amostragem: padrão 5% do lote (mínimo 4 plantas)."
      },
      {
        "id": "photo_angles",
        "text": "Padronizar ângulos: 2 fotos antes (ângulos opostos) + 2 depois (mesmos ângulos)."
      },
      {
        "id": "qc_photos",
        "text": "Para cada planta auditada, 1 foto final do resultado (ou conjunto antes/depois)."
      },
      {
        "id": "mentor_note",
        "text": "Mentor registra 1 melhoria objetiva (ex.: 'reduzir toco longo', 'não abrir clarão')."
      }
    ],
    "anti_fraud": [
      "Bloquear reuso de fotos por hash (no futuro); no MVP, exigir foto com marcador simples (gesto/placa) em 1 de cada 10.",
      "Amostragem aleatória pelo app (sugere quais plantas fotografar)."
    ]
  },
  "xp_and_levels": {
    "skill_id": "poda_limpeza",
    "levels": [
      {
        "level": "teaser",
        "unlock": "Concluir módulos e quizzes do teaser",
        "xp_required": 0
      },
      {
        "level": "N1_assistido",
        "unlock": "1 OS real com mentor + sem falha crítica + evidências mínimas",
        "xp_required": 300
      },
      {
        "level": "N2_autonomo",
        "unlock": "3 OS reais + amostragem >=80% conformidade + média >=4/5",
        "xp_required": 900
      },
      {
        "level": "N3_mentoravel",
        "unlock": "10 OS + média >=4/5 + 0 falhas críticas",
        "xp_required": 2500
      }
    ],
    "xp_sources": [
      {
        "source": "module_complete",
        "xp": 50
      },
      {
        "source": "quiz_pass",
        "xp": 50
      },
      {
        "source": "quiz_score_bonus",
        "rule": "xp += (score_percent-80)*2, floor at 0",
        "max_xp": 40
      },
      {
        "source": "field_os_complete",
        "xp": 150
      },
      {
        "source": "mentor_level_2_or_3_bonus",
        "rule": "if mentor_level>=2: +50; if==3:+100"
      },
      {
        "source": "streak_days",
        "rule": "+10/dia com check-in válido",
        "max_xp": 70
      }
    ],
    "penalties": [
      {
        "reason": "critical_failure",
        "rule": "xp = 0 for the OS; lock skill for review"
      }
    ]
  }
}